{
    "@context": "\/api\/3\/contexts\/Team",
    "@id": "\/api\/3\/teams\/f76f1632-4784-4d10-a2fe-ef329a93f370",
    "@type": "Team",
    "description": "This Admin team has access to run certain ZTPF Archive Playbooks.",
    "name": "ZTPF-Archive-Users",
    "actors": [
        {
            "@id": "\/api\/3\/people\/3451141c-bac6-467c-8d72-85e0fab569ce",
            "@type": "Person",
            "firstname": "CS",
            "lastname": "Admin",
            "title": "Admin",
            "department": null,
            "email": "admin@example.com",
            "description": null,
            "phoneFax": null,
            "phoneHome": null,
            "phoneMobile": null,
            "phoneWork": "+16462759691",
            "csActive": true,
            "accessType": "Named",
            "companyId": null,
            "type": null,
            "userType": null,
            "avatar": null,
            "uuid": "3451141c-bac6-467c-8d72-85e0fab569ce",
            "userId": "6192c50a-df5c-460c-86ab-b28f113ece35",
            "@settings": "\/api\/3\/user_settings\/3451141c-bac6-467c-8d72-85e0fab569ce"
        }
    ],
    "parents": [],
    "siblings": [],
    "children": [],
    "uuid": "f76f1632-4784-4d10-a2fe-ef329a93f370"
}